/*
Navicat MySQL Data Transfer

Source Server         : 115.28.158.206
Source Server Version : 50548
Source Host           : 115.28.158.206:3306
Source Database       : score

Target Server Type    : MYSQL
Target Server Version : 50548
File Encoding         : 65001

Date: 2016-06-18 21:57:29
*/

SET FOREIGN_KEY_CHECKS=0;

-- ----------------------------
-- Table structure for t_class
-- ----------------------------
DROP TABLE IF EXISTS `t_class`;
CREATE TABLE `t_class` (
  `id` int(11) NOT NULL AUTO_INCREMENT,
  `name` varchar(20) DEFAULT NULL COMMENT '班级名称',
  `at_grade` tinyint(4) DEFAULT NULL COMMENT '所在年级\n1-6小学\n7',
  `del` tinyint(4) NOT NULL DEFAULT '0',
  `teacher` varchar(10) DEFAULT NULL,
  PRIMARY KEY (`id`)
) ENGINE=InnoDB AUTO_INCREMENT=63 DEFAULT CHARSET=utf8;

-- ----------------------------
-- Records of t_class
-- ----------------------------
INSERT INTO `t_class` VALUES ('2', '1班', '8', '0', '张三');
INSERT INTO `t_class` VALUES ('7', '2班', '8', '0', '李四');
INSERT INTO `t_class` VALUES ('8', '1班', '7', '0', '王五1');
INSERT INTO `t_class` VALUES ('9', '2班', '7', '0', '李四');
INSERT INTO `t_class` VALUES ('10', '3班', '7', '0', '张三');
INSERT INTO `t_class` VALUES ('12', '3班', '8', '0', null);
INSERT INTO `t_class` VALUES ('13', '4班', '8', '0', null);
INSERT INTO `t_class` VALUES ('15', '2班', '9', '0', null);
INSERT INTO `t_class` VALUES ('16', '3班', '9', '0', null);
INSERT INTO `t_class` VALUES ('17', '5班', '8', '0', null);
INSERT INTO `t_class` VALUES ('22', '4班', '9', '0', null);
INSERT INTO `t_class` VALUES ('23', '1班', '7', '1', null);
INSERT INTO `t_class` VALUES ('27', '6班', '8', '0', null);
INSERT INTO `t_class` VALUES ('28', '1班', '1', '0', null);
INSERT INTO `t_class` VALUES ('29', '2班', '1', '0', null);
INSERT INTO `t_class` VALUES ('30', '2班', '1', '0', null);
INSERT INTO `t_class` VALUES ('31', '3班', '1', '0', null);
INSERT INTO `t_class` VALUES ('32', '4班', '1', '0', null);
INSERT INTO `t_class` VALUES ('33', '5班', '1', '0', null);
INSERT INTO `t_class` VALUES ('34', '5班', '2', '0', null);
INSERT INTO `t_class` VALUES ('35', '4班', '2', '0', null);
INSERT INTO `t_class` VALUES ('36', '3班', '2', '0', null);
INSERT INTO `t_class` VALUES ('37', '2班', '2', '0', null);
INSERT INTO `t_class` VALUES ('38', '1班', '2', '0', null);
INSERT INTO `t_class` VALUES ('39', '1班', '3', '0', null);
INSERT INTO `t_class` VALUES ('40', '2班', '3', '0', null);
INSERT INTO `t_class` VALUES ('41', '3班', '3', '0', null);
INSERT INTO `t_class` VALUES ('42', '4班', '3', '0', null);
INSERT INTO `t_class` VALUES ('43', '5班', '3', '0', null);
INSERT INTO `t_class` VALUES ('44', '1班', '4', '0', null);
INSERT INTO `t_class` VALUES ('45', '2班', '4', '0', null);
INSERT INTO `t_class` VALUES ('46', '3班', '4', '0', null);
INSERT INTO `t_class` VALUES ('47', '4班', '4', '0', null);
INSERT INTO `t_class` VALUES ('48', '5班', '4', '0', null);
INSERT INTO `t_class` VALUES ('49', '1班', '5', '0', null);
INSERT INTO `t_class` VALUES ('50', '2班', '5', '0', null);
INSERT INTO `t_class` VALUES ('51', '3班', '5', '0', null);
INSERT INTO `t_class` VALUES ('52', '4班', '5', '0', null);
INSERT INTO `t_class` VALUES ('53', '5班', '5', '0', null);
INSERT INTO `t_class` VALUES ('54', '1班', '6', '0', null);
INSERT INTO `t_class` VALUES ('55', '2班', '6', '0', null);
INSERT INTO `t_class` VALUES ('56', '3班', '6', '0', null);
INSERT INTO `t_class` VALUES ('57', '4班', '6', '0', null);
INSERT INTO `t_class` VALUES ('58', '5班', '6', '0', null);
INSERT INTO `t_class` VALUES ('61', '5班', '9', '0', '大声道');
INSERT INTO `t_class` VALUES ('62', '1班', '9', '0', '');

-- ----------------------------
-- Table structure for t_class_subject
-- ----------------------------
DROP TABLE IF EXISTS `t_class_subject`;
CREATE TABLE `t_class_subject` (
  `t_class_id` int(11) NOT NULL,
  `t_subject_id` int(11) NOT NULL,
  `del` tinyint(4) NOT NULL DEFAULT '0',
  PRIMARY KEY (`t_class_id`,`t_subject_id`),
  KEY `fk_t_class_has_t_subject_t_subject1_idx` (`t_subject_id`),
  KEY `fk_t_class_has_t_subject_t_class1_idx` (`t_class_id`),
  CONSTRAINT `fk_class` FOREIGN KEY (`t_class_id`) REFERENCES `t_class` (`id`) ON DELETE NO ACTION ON UPDATE NO ACTION,
  CONSTRAINT `fk_subject` FOREIGN KEY (`t_subject_id`) REFERENCES `t_subject` (`id`) ON DELETE NO ACTION ON UPDATE NO ACTION
) ENGINE=InnoDB DEFAULT CHARSET=utf8;

-- ----------------------------
-- Records of t_class_subject
-- ----------------------------
INSERT INTO `t_class_subject` VALUES ('2', '1', '0');
INSERT INTO `t_class_subject` VALUES ('2', '2', '0');
INSERT INTO `t_class_subject` VALUES ('8', '1', '0');
INSERT INTO `t_class_subject` VALUES ('8', '2', '0');
INSERT INTO `t_class_subject` VALUES ('8', '3', '0');
INSERT INTO `t_class_subject` VALUES ('8', '4', '0');
INSERT INTO `t_class_subject` VALUES ('8', '5', '0');
INSERT INTO `t_class_subject` VALUES ('8', '6', '0');
INSERT INTO `t_class_subject` VALUES ('9', '1', '0');
INSERT INTO `t_class_subject` VALUES ('9', '2', '0');
INSERT INTO `t_class_subject` VALUES ('28', '2', '0');
INSERT INTO `t_class_subject` VALUES ('28', '3', '0');

-- ----------------------------
-- Table structure for t_file
-- ----------------------------
DROP TABLE IF EXISTS `t_file`;
CREATE TABLE `t_file` (
  `id` int(11) NOT NULL AUTO_INCREMENT,
  `name` varchar(255) DEFAULT NULL,
  `path` varchar(255) DEFAULT NULL,
  `create_time` datetime DEFAULT NULL,
  `content` blob,
  `create_user` varchar(255) DEFAULT NULL,
  PRIMARY KEY (`id`)
) ENGINE=InnoDB AUTO_INCREMENT=10 DEFAULT CHARSET=utf8;

-- ----------------------------
-- Records of t_file
-- ----------------------------
INSERT INTO `t_file` VALUES ('9', '狗狗.jpg', null, '2016-05-17 16:36:15', 0xFFD8FFE000104A46494600010101004800480000FFDB0043000201010201010202020202020202030503030303030604040305070607070706070708090B0908080A0807070A0D0A0A0B0C0C0C0C07090E0F0D0C0E0B0C0C0CFFDB004301020202030303060303060C0807080C0C0C0C0C0C0C0C0C0C0C0C0C0C0C0C0C0C0C0C0C0C0C0C0C0C0C0C0C0C0C0C0C0C0C0C0C0C0C0C0C0C0C0C0C0C0C0C0C0CFFC0001108009600C803012200021101031101FFC4001F0000010501010101010100000000000000000102030405060708090A0BFFC400B5100002010303020403050504040000017D01020300041105122131410613516107227114328191A1082342B1C11552D1F02433627282090A161718191A25262728292A3435363738393A434445464748494A535455565758595A636465666768696A737475767778797A838485868788898A92939495969798999AA2A3A4A5A6A7A8A9AAB2B3B4B5B6B7B8B9BAC2C3C4C5C6C7C8C9CAD2D3D4D5D6D7D8D9DAE1E2E3E4E5E6E7E8E9EAF1F2F3F4F5F6F7F8F9FAFFC4001F0100030101010101010101010000000000000102030405060708090A0BFFC400B51100020102040403040705040400010277000102031104052131061241510761711322328108144291A1B1C109233352F0156272D10A162434E125F11718191A262728292A35363738393A434445464748494A535455565758595A636465666768696A737475767778797A82838485868788898A92939495969798999AA2A3A4A5A6A7A8A9AAB2B3B4B5B6B7B8B9BAC2C3C4C5C6C7C8C9CAD2D3D4D5D6D7D8D9DAE2E3E4E5E6E7E8E9EAF2F3F4F5F6F7F8F9FAFFDA000C03010002110311003F00F8C349F0EB5C5B2B32D4B2F865B276E2B6B4C9164B18F6E3A638ED5379A01EB5E5C628F4234D2473B2787D81EF4F83C3DE60E735BA36919F4A23DB8FEEFE18AB46A8C49340F9875CD5CB18E4D34FC9B88FF3D6B4962DE4FF005E682BBCE3F9F7A7CC172ED8F891A15F98B71CF5E95763F1928FBCDC56234381D377151983195C0A0373A94F1AC078F33FAE291BC55106CF99FAD70F3DB79537F3A3CBDC3AD6823D0AD7E20C76C7997F2345EFC45B7BA888F36BCEC594D7332A431C9248C70AA8B9273ED50DFDA4FA65C7953C52C322F5565C114132573A8D4BC471CFD0EEDD54EDB5911CBF31F6E2B0219703AB74A7CB71C7CC2A4CE4AC77DA378A61B73B8C9B71F8D6CAFC4B842FCB22F4AF266BCC0FBC69AB7E777F16EF735A464D6C67CC7AB49E3F8663F34CBF4A8FFE13BB500FEF07E75E66D3971D4F1EB546E6F194F53F8D68A4F724F5EB2D72DF5293E5901F4ADEB3F0EC17EB9C6ECFB579BFC3883ED6F1F27B678AF6FF00086928D1AFCBEDD2BA29C9DB5339CBA1C7EA9F0C21BD5FF54BFF007C8AE535FF0082D6B0A33346B9C7F7457D211F86206B4CB2F6E78AE3FC6BA3C6903703D3915AE866D9F26F8DBC011E9F233246ABB4F6C570FAA3080ED3F4CD7B87C50B711B38EBD6BC13C613B24AE53E519CE076AE6A9648E5AD24568AF0C2E4EEEF814562DBBC97722824AEE3DB8A2B38CB4308EC7D0DE1E46FB36D6E9EF5A0D16EE951E9F108E1DAA3EB536F603835C7B6C7D1C568208B647EB4889BBB1A91CE23A47466FA51CC50857238E7F0A509CF66FA533CA29DCD46A5E3E72D401606E3ED43E41FFEB53637CFFF00AA959C649ACECEFA8159C099CE47EB4A9064FF004A7D9C3F6DBB48D76EE91B6AEE60AB93D327B57D05FB1BFEC6DACFC6FF00155C5D4F034167A0DF25B5F42F19F3237CF2197AA8CE064F5C9F4AEBA74E527646739A82BB3D53FE08BBFB1A59FC71F8ECFE2BF1358C779E1AF0DC6CA96928216EEE641B509F5551BCF1DD4577BFF05E7FD8C3C37F0CE6F0E78DBC27A5C7A4C3A83C9677B636B1E21F338612803EEE73838E33DB26BF407F65EF82FE1BF817A4DC69BE19B3FB2D8DCDCBDE88B3B8C2D260B283FDDCE48F4C9AE9BF682FD9F748FDA4FC013787FC416AD359CCC09238910646769EC78EBD7B8E715E8CE8A8C3D9A3CD856729FB43F9AF92D593EF2B0ED823155670E8DD3F0AFB23F6C2FF00826BF8EFE186AD75AF5AE81A85FE9B7934CE82D2DCBA5AC419B606C676E2351C1039CFE1F2EF893C03A9786AE1E2D474FBBB195253032DC4263224032579EA71CF1DABCF94251DCEEE752471B70ECA79DD4DB79F2F90DFAD685F68CCC1885CAAF52074F4FE47F235E85E0CFD913C53E2FB5F878F616934D37C499AE974C8D632DB62B7708F2B1F4249207A2E78A23172D118C9DB73CD5A7609CE7F1C555BF133DA3CA2395A353F336C3818F53D3D3F31EB5F6DFEC4FF00F048EF107ED09F18B58B7F102DC68BE0FF000BCC61BBBF74E6EE71D228C1FBDB73963EABB78CE6BEF3F8B5FF0004DCF82F63F04B52D17C35E1E5D3757D1F4C9BEC1A8B4DBDFCC58C90D203F231C80791C103B641EC8E1F4BCDD8CE55B5B4753F1CBE135C88D22DDF2F4E0F15EE7E0ED411630370AF9F74B65D235BBAB785E4916DE7740CD9DCE013F31CF3CF5E79E6BBAD1BC5125BC63E6AA96873D4A963DEAF35D8EDAC37191476EA38AE03C63E2B85E375F3971DF9AF38F1FF00C529B4FD11FF0078432FA9AF0BF177C6BBA9CB0139FC18D724B10A2EC72FB76771F18FC530A16FDE47F5245781789B5E4B9B865565233D88FC6B23C75E3CBAD59CAB4CDC9E99CD72F6BA91F3BE6627BD6552B73233E6BB3BAD2F6CB326DE94553F0FDDEE915B773DE8ACD36F6348C743E9E8D3674EB4E493FD9A473B5BB8A9EDA2DCD9ED5528A7B9F451D8410B30FBB5133794C46DCD6B2C1B17EA3D2A9DEDAE5F3D3F0A97148A2AF9EB8A8FED0AA3919F726A66B7D83B1CFB542F16EDD53618E4995DBE5F5A476CA9A68B761D2B67C2FE0ED43C497E91DADBCD33310062366C9F60A093F80AA8C6EF417324B529F867C3F71AC6A51C710566E58E549000E4938F4009FA03D7A57EC77FC1383F66BD73C33E13D3F50D7EDFEC7ACC766B6535C4451A2D66D140FB34C586773A4615439C33200A47C801F05FF82787FC13EE1F164963E22D616D92E6CA55757B6DF6F2C4C083B648DB6F423392BB810307BD7E96F85AD2C3C0DA143A7DA47E5DBDBAE111176AA7B2AF000F61C0AF5F0B86697348F23158A527CB13A3D0BC3D6DA45BAED51BF1C9C60B56D232E3AFE2474AE4D7C54ACDC3569596B693FDD93E6C7209ADE5DCE78DCDA90472AFCCAACADD411C1FCEBCBFE3F7EC83E01FDA47C2975A3F89343B7786F594CB35B208A76C3AB300E39F9B68563D48E3DEBBF83515707736EA59AEB8F958F27E99A92D6E7C97F12FFE08ABF047C69E0C9B4BD27453E1EB9794CB15F5BBB3C911241C104E1978031C6327041E6BD8BC09FB297847E14D9784D6C74F8666F05E91FD8FA5CB2A02F0465152461DB73851920773EB5E99E70C7E1D2A29D7CD8D9719C8A2324BA0DC64F7679978CB5FD3BC03A27D96CD62B3B7DE647D8BB7CC62725B8E4B13F8935C136BBFDAD16A32E6493CBB597FD1B61671943C305C9C91D1464FD2B57F691F0B6A56F6726A10AE23B70C46E99637C9E81490406EDB8838E4804D799FC05D667D4F47BC4BCB7B58DFCB701AC6FDDE35CE739C93920FF19C3135E6E22B49D5B4B63D1A3462A8F344FC87F8EBF0E2FBC0DF10EFAEB51B56D3FF00B52EE4921B4721648D463EF0C96CF383BB690411B76E19B085DE20F9476EB9AEEFF6EDF1369D7DFB525FE91A3C423D2FC3B1FD894EF32BDC4CCED2CD2BB9EAC5DF6F5C6106028200F3D6BA58A151EDDEBAEA3BA3CBA94F43CFFE336A53C5A449B598035F3AEB9E21B8174CA5FEE9AFA4BE2988EFB4593D4E7B66BE60F18C46DF5A917D2BCAAD6BDCE3E5B48CEBCBC677C9CFD3355ED666DFF8E2853B8F3F89AB36702966FC3F1A845456A6BE837F244FF7BD314543A7C053F0A29F2A3D0A71F74FAD65D515BAB7EB5734FD514AE771CD70F25E48E30AC0D59D36EA4E9B9B1F5AF3E58A8F73B235F43BCFED55C7DE2DC7AD0DAA47E5B64D726B7522FF0013536E6FE4443866FCAA7EB4BB95F583A26D555872D51AEA4BCF3FAD726D79367AF4F414F5B99CF4E7F0A3EB097527DB9D7C77EBC36EE33DEBED6FF826EFECE1A97C6FD6A0BF84E96BA7DAE0B98279E575E78DEC8C147D37007D2BE2AF831A0DDF8B3C75A7D9A5AFDA9A7996355371F6704938E1B39CFA01927D0F4AFDD1FD92FE088F84FF000CAC65D49585D34085627B99E6310C038FDE3900FD00AF632987B59B9F447162B12EDCA8F58D0B48B5F006896F6716649218C2EFCB31FA02C49FD6A95EF8ACDE5CED55618E0B1AE7BC4BAF5C6AB75F67B58D99DBA9071C7E755EC46A96D3476E9672796A47992B10B9F61939FC6BE8A5252D11C11D353B6B16B782D96E2EEFADF4F87217CC9DB6E4FA738EBFAD5EB1F1659D9EA31DBDACCBA833F0191B76EE327A7A57E77FFC14CFF66CFDA9BE377C41BA5F096B5E278FE1DDBDAC7FD9FA6782BC4B0786EFE6B920890DDDD3FEFA68F1C2C713226EE5F3815F467FC12E7F625F1FFECC3F0B269BC7DE26D5BC4DAC6A51C62DC6A978D777DA74207115C4C5544D30C80640884855DDB98163128DB466F17A5CFA827D6E3DDF2068FE51DE9B16B3217562FB954E2A8DDF87EE1256660720E0E47E355356D40786879931DC8460AE2B8AA49A3AA115B2370EAEE46E5FBBDC914906B65CF1F31F506B9BBBD6D974DFB642A26B7047981483B3DEAB69DAF2BDCAED7FF59D011FFD6ACFDA6B63471377C6766BE24D06E2D6431A89A32BF3A938C8FA8C8F6E9EC6BC1FC3BF0F57C1D79AA6DB85BC82189D8F92BB41E0FCAA30AA00E80290A3B9EA6BDDB6ADF41B6450CADDF822B897D11AD758BC87C8F2D3691B0C4312673F873EF5CF5FDE68DE8C9A8B48FC27FDAEF4E922F8E1ACEA56B1DCC90CD772442DECED0CF0DBED6C90F3C6CC9BBE604807192785C6D5F33BDF1034002C8AD1B63203A9538FC6BF543F6F1F00FC649BC137B268FA1E8D0E9FF3C690ACD98628D72415588A39908CE632CEB9C1DCA326BF1D7C7FE27D4AD3C4F796BA930B6BB865292DB0917F76C3AE5433107A1C3127A726B6AF2E5D7B9E6CA7F65973C67E2359ED59437E19AF06F1C8136AECC0FD6BB7D6FC4BB616F9866BCF757BC1773B30FF00F5D79950E696AEE66B2102AE69117CFEDDEA986DD9E71F435A9A495056A14ACAC38EE6DE99602483919E68AD2D20AB44147E34569CC7653DAC7AADB0691BE6E2AD4721881DB9FAD5D83430AA3EEFFDF3D6A5FEC219FEF7E18AFCFBEB4CE58D47629A5FB01F77F4A7C77DE61DA735763D082755EB532787F3F747E54BEB4CAF68CCC9080DC6EFAD245385073CFE35ACFA0E40A487C3E1AE17E56DB9E401FCAAA188BF50F68DBD4FB17FE08E9F06EDFC69F179758B8B8FB32DA82B0A44AAD7530E8CC188FDCC43EE976CB311B506ECEDFD6AF13EAB1E9368B6F6C8BB635C0DCC58FD4E72493EF5F147FC1157E1359F86FE1DDD78925B667D42F24648324F976D1AF00E0F192475E7A01D4617ED9BD82396EFCC931B99B3CE3FAD7EA3925170C142DD75FBCC1C9395D8786B479A08164652F7571CC8FBC9283B003A715D12D84715B7971AEE3D18E7A7E35CCEADE34B7F0F3C71FCABE71C6403C7E5553C15F13478D355BA10AAC7A6D8C9E533EEF99DFBFCB8CFE24F3F4AF6E365A222F7D4ED751F12683F0A7C257DE22F116A367A568FA3DBBDE5E5F5DCA2382D61419791D8F0140FC7D324E0FCC3A1FF00C1C27FB3DEB9E339B49B2D535F6B2825684EACDA6EDB49595B69DA0BF998C8E0B22FB81D2BCE3FE0E09F16BEA3FF0004DCF1A68F1EA91E96BA84B67E7CE58ED8234B98DC160B96281D537000FCB9CF1915FCE35A6A4BF0E2DAEF4CF0CEB6BAD5C48E112E208A48639A460CCC89E60572AA76A82CAB92C70318AC7173F66D5CE8C2C799731FD977C14FDA07C1FF00B44F8586B9E13D6B4FD674F66D9E7DBB746FEEB29C3238E32AC01E41EF5E11FF00054BD3FC6D6FF04A3BAF02EB91F876F56FE38EFB5696D1AEE3D2AD4862F7261521A40842FCA0AF5E59402C3F26BFE0D61FDA27C75AAFC62F127876F9AF2E3465B532DE3CF018E2888CED031C170DB4FB0DE3BD7EF06B573FDA7A70DD82CC010D80707B579B52B466AC7A54A9F2B4CFC95FF823FF00FC167EE3E397C5A5F867E32F112F886FB54B06BCD2358874D9F4D86531B2A4D613DB4CD27957499F315A19A486488ED2B14A843FE886AB7D26857123292AAADB9415C2B2FA7E1DAB91F19FEC51F0775AF8B43C7571F0E3C330F8EA13BBFB5EDAC121B97938FDE33201990607CFF7B93CE09AD8BBD5B5ED3B508ED2E2C7ED36324457791F3C647424771F88E3B715E7D6A9667553A7747A4785BC42BAA5B2481B8C67AFF5FF001AE90DB43A898E65611CABC17F515E1BE05D62F3C39AD496770DFBB66DD0B762B9E9F86718FEB5EBBE14D45A52DB87CAC393E9FE228A1594F70A94797638DF8FFF00B29784FE33584D71A9E970DFDE3C0615B9624B2AF5C1C1076E7070A403819CD7E0CFFC1523F63D4FD95BE25B2DAF8D2F356B7D4A699CDB5CDA4B31B3718255A4058052A46D1B01E189247CD5FD1CC0FB0907BF39C66BE68FF8296FECB5E07F8FBF062F9BC516FF006796C63324578B6515D326DE47CB27DEC7270083D7D715E8568FB4869B9E5D6A6B747F313AA3C92A7246DCEDC8F5C74AC69D081D1BF1AF61F8B9F06EF7C1DE26BEB192FA1D512DA5648A78E63279918270C037CC01FA763E86BCFEF7C2CD1965F2D95BD08AF07DAAD99C3CC71D292ADDF039AB3A75C32CBD4E4FA56BCDE1872B8DA7F2A6C1E1D68E55CA91F8552A91EE3BA3A2F0EB1F2573F9D15A9A268E63B35F97A8ED456CA5167447547D64BF0E5B6FFA95A997E1C023FD5D7AC47A1C79C15A9A3F0EC247DCAF95FECFA46BF578D8F235F871B8F319E39A9E3F86DB4FFAB63F857AFA785E263F747F53538F0BC7FDDFCA93CBE932BD82E878E7FC2B607FE59E3EAB56B49F853F6ABD8E3F2DBE660BC2963F80AF604F0C296FBBF90AECFE0BFC361AFF008DEC57779216456DC1B04F3EC3DFB73E9C9ABA3965394D4519CA8C52B9F71FFC13FBE148F873F0274D8DA19A192640EDE72846271C6141385030A3927827392457AA7896786C9F7AEDCF7381FCFF00FAF52F85AC97C29E0DB3B50A2330C4A085046DE3DF9AF3CF8A5AE5CB44DE5BB2AFA0EA7EBFE1D6BF4EA708D1A4A0BA238E316D9CB7C43F1649A8789504739658491F28F947AD7897EC93FB77785AF3E3E78EFE18DD6B1656BE23B471AADA5B3CC7CC9A20230EC72368E658885C8665CB0502BD0EE6D76DACC6E2E3CE96EB944FEE8C6381EFEF5F89DFF0576F865AAFC13FDA33C71A85ADD4DA74DAF0B2F105A4AB3793334514660758CAFCCC639A4DE79E0499E0AE4631A924FDA24757B28B5C87E967FC147BE325C7C4DF0FDD7862D76EA10EA4A229ED4DBAB79C181010E7D483DBAA9E485607F1F7C47FB0C48FF16B5C86E23D4F41D1EDEE0369F6C96FFBE70C8198AEE046D0C4001771E40E38CFACEB7FB3DDF7867F64BF0FEB1AB6A9AD5F78ABC71A5DBF887527BC98CFFD9DE6EE96DA3452776DFB2FD9B209DDBD589C82AABF327C28FDA73E217C17D7352B3B1BA93528EE32D75697C5A6B7E14A065C9DD1B1C8E50A93B5739C0AC31559CE49CD1DB0C2FB38A4BA9FD017FC1233E19E85F06BE11C3710DF5F6ADAB6A0882F355D46F1E7BEBA20920397738E4EEE07F17F10C57DF161E2F8354D1B686593070AF183C1E7DB9AFC53FF008276FF00C150FC1F7DA43D9EB5711F84E489E24945F4A23B5576322E127618196540036DC7CABF357DB5E2FF00F82AF7C18F80DF0D9B55D73C79A46A371744AC30585DC57933B7202E232C233F2F47C670480DDBCA751F358EEF66B92E7D91A378974FF13CD36C97CBBAB57F2E74E410C3D453B5702DE48DD5776E38073FD7FC8AF807F63AFF0082825A7ED33F11F5BF10686F70DA5DC1DB25B4A5432AEC578DD5958A302AC5772B11BE2900240DC7EC0F851F12DFC6DE1B6F30E26866688AB771D41EDD7AFF00854D3AC9BE496E395269734763A3F11E896F797F6F2B46371070EBF2B020E7FCFE35D2F83F75BA6D6C7CBD31D07F9FEB591E6B5C5C42C7E64DB861C727F9E7F9FD6B574C6F20C8B9C003207A7D2B6E54B546376F4372D66FDEB7CDD0E00F4A8FC75A736A9E14BA516F1DE03190D0BF3BC7A557B2B9334E718DDFD6B774C1E7A6D3D187A575D19F431A913F9FDFF828F7C0CB7B3F8F1A8CDA5D8EA1630CD331105D4617C87E377964004A939CF53919C9C127E5ED57E15DD17FBAC7B73935FB49FF000554FD99ACF4DD6078A6D6DA455D406C9E4451222B7A60F2BDCFF74F3C03D7E05BFF0086D13C8DBA10DF857CEE330F2856959EFA9E6FD5EECF8FE5F85576ED9F2FF4A81FE155D6EFF559C72700D7D772FC32B73FF2C6AACDF0D21CFF00A95FC2B9ED2078668F9A74EF87B751C03F77C0F6C515F4C43F0D6DE35C796C3E80515BC6FDCDA345DB53D495531D6AC44CA07E9D6B995D69B1F7AA48B5D666FBDF91E95F1EB345D4E7F6CCEBA0DBC8AB91AF3FE457276BAD9C7AFE357A3D7091F78FE147F6A443EB1DCE92DE20EFF2F27DABE94FD857C02BAAF891B547B456B6B1C13349D0376C7BF7C7FF00AABE51B1D6D8CC3AB7B76FD2BEC5FD8ABC4173A8E96B1C8CB6B671AE635E84E4E0B6DC9CB31E32C78038CF6FA0E1BC542BE2D27D0CE75DB563E93F136AEF246E15BEE8E38E95E61F102E66BB8D44692498EA4F4CFF002FE75DF6AF1B5C1DBB8471E738EB9159DAACB1AC7E5B2C6580E98C041FD6BF489C5CB40A72B3B9E3A2CDA4FDF33ED9D0E0F1D47A67DFF2AF06FDB9FF0063CF03FED35E2EF837E28F1769F7579A6F877C42FA75FAC2770BB86E62221B5B8EE6DA5B948924E41F9C00417C8FA675FBC8E2BC60D22B4721DA7276823D9735E77FB4D6B6DE0DFD937E216AD636735C7D8A080C91411B492C108995A5B848C01B9A20A1C018395E0838CE7423EF729D31A894A337B5FF00E1CF987E357C394F88DE27D5D6EEDD990BB32060369383C6170319EC303F957CFF00E09FF825CDADD693797CD087BFD62EBED00B4A14A201FBB880EA78CB67FDA1C715F507857E28E8FF00B417C3F87C65E1D9219ADEF51A1BC862077595E26566B770C032BA4991870091B4E39ABDF163E2C58FECD7F0CE4D67EC2BAC78A2E365A68BA4249E59BFBA72A91862305630CEA5C820ED5C0CB15066AFB3AB1954AAF63F5BC46534572D58A5C8D735FA5ADBFA7F5B9F02FEDCBFB2FF0087FF00654FD917C437FA859B477DACCCBA6E8D81B5FED8C4163B33865F2565C92328704609E7E56FD96BF67BF127C58D43FB234BB39350D7F569658D2C21076DB1448E4792771F2210625564E597CD21829C29FD2FF89FFB177C7AFF0082837887C2BFF0BB26F0B784BC2FE16925B8B6478EDA2BC8FCD68FCC75B3B6243CAC228D317122045C82A4B3AB7D6BFB3DFECCFF000FFF00664F094FA3F85347B7B52C4096F66657B8BDC60FCCEAABB474211555148185AF99F6D1A775177BFE1B1F239A4A9E26BF3D28F2C52B7AF99C37FC13DBF640B2FD8B7F67FB5D257FD2AE98196EA7946C69E67003B124F00E0281D863A57D9DF08B4EB6D2F4F592C599A2BA50718E7000233F9E2BCF5747B7F10E8260995A66665775453F2A8242E71D0F19FA838ED5EA1F0DF4B87C3D636735BCAD3C0C98C31FBBDB1F4C8C7D4555183BF3C8F3EA4925C91E87A6584223B7126EE58FCEB9EBEBFE35369938126E6C0EA39E383DBF03542DF511245B593118C7CC3F8877E3DBFAD48D2B2C046EC92FB33EA73915D12A9D8C631B6E6D69173841EAA7F4AE974AB9DC7EF5723A7C8CA81BEF0EE0F6AE8B49943A83F77F1AD29C88946E72BFB55FC3487E267C2AD46D5BE598C2CCAAC09490AF2338FA7EA6BF26FC4FE165D33549A1017F76C40C7FFAB83ED5FB3FA940B7FA63C3228DAC3F2AFCCBFDB93C011F80BE265CB2C3743ED2ECC249140570791C8FBC47A9DA4E0673D6B873976A4AB2E871569726ACF9FCE92A474AAF368EA3EBEF56E6D5D636EA3154E5D6D315F2EB3287730788443FD96ABFFEAA286D7D33D41A2B48E651B6E5C7108E55E5553F79BF0A239F0DED59FF006ADD8EB4D8EEB0783FAD7C6C8E1B1B96F3A9FC7DEAE4173B4F2D58115E6D5FBD5663BDFF006AA651BA274EA74FA6CDBE719FBB91905B6E7F1FF0AFADBF631BA8F4A3136D59AEAE9B20A138551C000373C7A0040C64D7C6DA3DDA34ABBBCCEA394603FA57D81FB1CF8A74FD2658E1B58B64B20C34F707CC67E9954008071C0E981EC6BEA383E3158E4DB26513EA8BFBB789959BEF2FE9F5AE6F58D51A72C8142AF25E46E73EC077AD0D475133271976F53EFD2B99D4AE36893730C73BB1C6E1E9EC3E95FAE54958D69239EF10E649728046BDDB19661FCFF2E2B3BCE49ACE6B368BED10DEC661951D1595D08C30208C30238C1041EFEFBF3234B1EF68D4C8FF007030031E9C7451EDD7D6B226B49639D8AF3BB3BA4C76F63E9DFF000F4E0F2F36B7475F2B68F823C7DFF04D7D73E057C4FD575EF849E2ED6BC0B63AEDD3C973A6DAAA5F69EE30006F2A504AB0E4647CC07CA1820551E87F00BF64FF0005FC3DD624F157C46D47C45F12BC6B1185AD6E75091E182D046E248B6DBC2CB100B20C94DBB1B76595ABE92F1347FDA9728ACA76236D456EAF8C75F6FF00EBFB560D87827FB43C5A212BF760F370064BA02031C0F7FD48AF9DC74E7CF681F4585C655F60A8CE6F9174BBB7DDB183A9EA57BE36D6A6D4E659234B899B71032B1039C67D94F71D7AF439AEC20D08D8686B28964964550E23C63900E781C67B8238EB4E6F0B4D63E21D3347B78BCB8E6865795D874440883F9E335E99E10F0ADB58E9EB69246BFDC63C1E707FC7A572E1F0EEF79955ABE9EE9CF7C0ED485B5F41F6B420DD43E5B647CA1836768FFBE8FE5F5AF4CD250E95A92DAE59AD6E048C3239504AF39F62D93E84D721A3694A6768523455B59959881E8B9C7F2FD6B726D424D3974D9A3DC7CBCEF8CB6E6C11B5B1F5FE95D9CDA599CB6BBD0F50B49C5A436B19FE30727B061D73FCEADCF6C24F3072BB65DCB83D0F51FC8D721A5788DAF510201B919580CF4EC7F9FE75D869CC6E6CD95BD339EE7FC915A45F33265789774B976B329C6D3EDD2B6F4AFE21EF5CDC2C619B70E8BF7B1C8C7AD745A68593D8D69195C968E82DE3FB45AF6F6CD7C3FF00F0539F0B37D8A39A49A1D8CE1537E77A375DA481D0F63F857DB9A733E36D796FED4BFB3A5BFC7DF0CB5ADD4BE5C9164C73C36E5E403BAB0DDC8CF3EA3B5678EA13C46167461BB5A1C58AA7CD168FC7FD48989CAEEE6B3A59493C13F857D0BF1DFF0064293E15C53CCB7525F47192BF687511410B7FCF32016C37FBEF93FDDE80FCEFA92FD8AE1A2625997A9C71FAF3F9D7E5B88C157C2CB92B2B33C6946DA3229656383BBF3A2ABC93FF009CD158A6C95168C3FB452A4D8EFF00AD67ADE0C7E1522DD8C7518A9B0295CD3173919DCD53C773B7BD639B9DBD5B15325D63FC7353CA1CCD1BD677C636C86E9E9C57D09FB1F78AD60F14C3E72C11AEE015C90318F766CFE4BC57CCB697FF00BC3B4EDAF5CFD9A755B083C736B26A1751C71A382AA796CFB64003F318ED5EA64951D3C6D392EE07E8AEA9A86EB35756186031CF4F7FAD7357BA9C48ADE630548CE589F9B77A003BF6AD0B8D4E39F4385915955906C047418AE6EF42C3B656656753F2AE33CF6FC7D057ED55AEF63B28DBA9ADA6892FD1E6B81E4AB7CC148DCC17B71DD9BA01D07E66B53EC490C276AEF6FF005671CE58F551EB8CE09ED5817579269B6D1B49204762589CF20F723E83D2B2ECFC55A86AFAB288CC76F636A9B5548C05F73EA7DFB1CF5E2B967251D0EA86A76AFE1EB08972CA924D839FF607F9E7E98F6AA9E1AD2ED6CEFAEAEE1863569D5620F8EB1A9242AFB67927B93ED54ACB53B58D561698C934A00666E000727247BF071C9C633D6A0D47C611B5EC90C2CAB1B205C9E4AAF4FA65BAFD33EB5CB5397767446FD08AF6EA187C4F36A371B4E2D846ADD16252C1BF5C67E83D6AE45E275B7FB2CCB9DAC8666CF7C8CE09F5EBF90AE2C6A4DAD6A1716FF7ED541058F476F5CFA7CBD7D49F5AD984ACD3F96CDB6382318C0FBA173C7E3BB07EBED5E6CA4DBBA3B231B2B3356DFC54B6D7370F12EE8EF17727CDD1FEF7EA0E3EA6B6348964BDB98A37393BFCA208C8CE4FF8E7E8D8AE56C6148EC61FF69F2BEFDC1CFBF03F215D17872ED63BE8F2CBBE7B8571CFF083B47E810FFC0AA2377B9B6DB1DC6816E20B5562BB5821EA3DD4E3F2CE6BB7B593C9964FEEED00E7B640FF001AF37B3D792EBC958581333E7FE04DC28FC10D75F0EABBE7986EFF0058E361F5F4FD16B58D96C672D4DED36F45CDD3AAE0B46F8231F32E7B56FE8F7585DC3BFE95C36A370DA76BC668B3FBE03760F53D4D75561A8A5E5BABFF007BFC48AAA6F5B326A474B9D5E9F74BBF83B4F71EB57E6F2AF6D9959467A1C8AE6AC6FD645DAFCBAE3073D7E95A76F76D1B6E53BFF1AEEA3A1CB33C67F6ACF8396DE25F0C5DDCB4179712AC4CA1A37459631D4E3729DCBEAA7703FDD3C63F297E37F833FE11AF115C796B241B5BE68DB6B3267A038DA46474CA0071EB915FB83A9471EABA7C904891C91C836B23A86522BF37BFE0A53FB30C1E15D41B57D3F4F9A386E8B98FCA94E371E5E3E7A67190A0904E0E1719AF278832F55E97B48AD51C188A5F691F0DCD798FE2FEB4564DF5CAC5232E265DA4E449F787D68AFCFBD8C4E2313EDA538E6ACC77C49E3D68A2B916C72C5B261A9303DE88AFDB27E99EB451556562BA1620BC72E79F6AEBFE1878B8F873C496B74B0F9D22BAF96ACDF283EBDFF91FA5145552F766A51DEEBF3096E7E89FC39F14CDE20F87D67732285764F9B92D923AF26A66BDF246EDBB9B3900FAFBD1457EDF09374E2DF63B69189AF6AF35E3C92331FDD21279EB5891F88A7B458E3CEE8D5B2C338F358918CFA0C91F8668A2B82B49DCF429EC497FE366B8B991523F9A3255998F53BB69FEA7F1FA621B9D49AFA4BC75660D10F294B01C160497FAE037E24514570547A9D74D681A378964B5B22DB46D92E7C88D7FBA91E073F5201CFB0F7AB7ABF8D9AC2592DD558FEF2381D8FF0016F7009FC0138F43F534515CD293E53AA315737EF7C42AF2C4891B24714A24C67A803007FDF441FA28E94DB4D5E5BE8F76E2A644917238299661C1FA281ED8145158D593E6B1B538A3A2F0AF8964BAF13ADB85DBC86241E37724FF00E3BC0AF46D3F526FED38F3F76342C07AE1B1FD7F4A28AD2949B4DBEE4CF435B5DBD66B0924C959005656C74F9B15369FE2892D59536F0C84F1C63A7FF5BF2A28AD1B69DD13F64E92C35869A1FBB8C8CF15B161AAB919CB2B0E78A28AEFA7277470CCD6D3F53693EF0E7D6B0FE2B7806C3E29782EFB49BE122C575195DF1B6D643D88FF00EBE68A2BBA3AAB331DCFC55FDB23E1249F06BE306A5A5BDF2EA0AB2652610AC2ECAC370DC1005DD8EB81451457E4D99250C54E31D93678B3F899FFD9, 'admin');

-- ----------------------------
-- Table structure for t_message
-- ----------------------------
DROP TABLE IF EXISTS `t_message`;
CREATE TABLE `t_message` (
  `id` int(11) NOT NULL AUTO_INCREMENT,
  `userid` int(11) DEFAULT NULL,
  `content` varchar(255) DEFAULT NULL,
  `create_time` datetime DEFAULT NULL,
  `username` varchar(255) DEFAULT NULL,
  PRIMARY KEY (`id`)
) ENGINE=InnoDB AUTO_INCREMENT=6 DEFAULT CHARSET=utf8;

-- ----------------------------
-- Records of t_message
-- ----------------------------
INSERT INTO `t_message` VALUES ('1', null, null, null, null);
INSERT INTO `t_message` VALUES ('2', null, null, '2016-05-29 14:51:24', 'danny');
INSERT INTO `t_message` VALUES ('3', null, '123456', '2016-05-29 14:52:24', 'danny');
INSERT INTO `t_message` VALUES ('4', null, '还有很多要改进的地方', '2016-05-29 14:53:38', 'danny');
INSERT INTO `t_message` VALUES ('5', null, '12313123', '2016-05-29 14:56:58', 'danny');

-- ----------------------------
-- Table structure for t_rebuild
-- ----------------------------
DROP TABLE IF EXISTS `t_rebuild`;
CREATE TABLE `t_rebuild` (
  `id` int(11) NOT NULL AUTO_INCREMENT,
  `create_user` varchar(255) DEFAULT NULL,
  `create_time` datetime DEFAULT NULL,
  `result` varchar(255) DEFAULT NULL,
  PRIMARY KEY (`id`)
) ENGINE=InnoDB AUTO_INCREMENT=2 DEFAULT CHARSET=utf8;

-- ----------------------------
-- Records of t_rebuild
-- ----------------------------
INSERT INTO `t_rebuild` VALUES ('1', 'danny', '2016-05-17 20:34:53', '不同意申请');

-- ----------------------------
-- Table structure for t_score
-- ----------------------------
DROP TABLE IF EXISTS `t_score`;
CREATE TABLE `t_score` (
  `id` int(11) NOT NULL AUTO_INCREMENT,
  `stu_name` varchar(20) DEFAULT NULL COMMENT '学生姓名',
  `class_name` varchar(20) DEFAULT NULL COMMENT '班级名称',
  `test_id` int(11) NOT NULL COMMENT '考试ID',
  `subject_id` int(11) NOT NULL COMMENT '学科ID',
  `stu_id` int(11) NOT NULL COMMENT '学号',
  `at_grade` tinyint(4) DEFAULT '1' COMMENT '所在年级',
  `score` float NOT NULL DEFAULT '0' COMMENT '得分',
  `del` tinyint(4) NOT NULL DEFAULT '0',
  PRIMARY KEY (`id`),
  KEY `fk_t_score_t_stu1_idx` (`stu_id`),
  KEY `fk_t_score_t_score_type1_idx` (`test_id`),
  KEY `fk_t_score_t_subject1_idx` (`subject_id`),
  CONSTRAINT `fk_score_stuid` FOREIGN KEY (`stu_id`) REFERENCES `t_stu` (`id`) ON DELETE NO ACTION ON UPDATE NO ACTION,
  CONSTRAINT `fk_score_subjectid` FOREIGN KEY (`subject_id`) REFERENCES `t_subject` (`id`) ON DELETE NO ACTION ON UPDATE NO ACTION,
  CONSTRAINT `fk_score_testid` FOREIGN KEY (`test_id`) REFERENCES `t_test` (`id`) ON DELETE NO ACTION ON UPDATE NO ACTION
) ENGINE=InnoDB AUTO_INCREMENT=1372 DEFAULT CHARSET=utf8;

-- ----------------------------
-- Records of t_score
-- ----------------------------
INSERT INTO `t_score` VALUES ('1188', '张三2', null, '1', '1', '3', '0', '100', '0');
INSERT INTO `t_score` VALUES ('1189', '张三2', null, '1', '2', '3', '0', '99', '0');
INSERT INTO `t_score` VALUES ('1190', '张三2', null, '1', '3', '3', '0', '80', '0');
INSERT INTO `t_score` VALUES ('1191', '赵四', null, '1', '1', '6', '0', '40', '0');
INSERT INTO `t_score` VALUES ('1192', '赵四', null, '1', '2', '6', '0', '50', '0');
INSERT INTO `t_score` VALUES ('1193', '赵四', null, '1', '3', '6', '0', '90', '0');
INSERT INTO `t_score` VALUES ('1194', '叶海啸', null, '1', '1', '12', '0', '500', '0');
INSERT INTO `t_score` VALUES ('1195', '叶海啸', null, '1', '2', '12', '0', '500', '0');
INSERT INTO `t_score` VALUES ('1196', '叶海啸', null, '1', '3', '12', '0', '500', '0');
INSERT INTO `t_score` VALUES ('1197', '王五', null, '1', '1', '59', '0', '100', '0');
INSERT INTO `t_score` VALUES ('1198', '王五', null, '1', '2', '59', '0', '50', '0');
INSERT INTO `t_score` VALUES ('1199', '王五', null, '1', '3', '59', '0', '500', '0');
INSERT INTO `t_score` VALUES ('1200', '张三', null, '1', '1', '63', '0', '120', '0');
INSERT INTO `t_score` VALUES ('1201', '张三', null, '1', '2', '63', '0', '263', '0');
INSERT INTO `t_score` VALUES ('1202', '张三', null, '1', '3', '63', '0', '322', '0');
INSERT INTO `t_score` VALUES ('1203', '李四', null, '1', '1', '64', '0', '200', '0');
INSERT INTO `t_score` VALUES ('1204', '李四', null, '1', '2', '64', '0', '300200', '0');
INSERT INTO `t_score` VALUES ('1205', '李四', null, '1', '3', '64', '0', '1300', '0');
INSERT INTO `t_score` VALUES ('1206', '赵武', null, '1', '1', '65', '0', '90', '0');
INSERT INTO `t_score` VALUES ('1207', '赵武', null, '1', '2', '65', '0', '60', '0');
INSERT INTO `t_score` VALUES ('1208', '赵武', null, '1', '3', '65', '0', '80', '0');
INSERT INTO `t_score` VALUES ('1209', '??', null, '1', '1', '66', '0', '0', '0');
INSERT INTO `t_score` VALUES ('1210', '??', null, '1', '2', '66', '0', '21', '0');
INSERT INTO `t_score` VALUES ('1211', '??', null, '1', '3', '66', '0', '0', '0');
INSERT INTO `t_score` VALUES ('1212', '??', null, '1', '1', '67', '0', '85', '0');
INSERT INTO `t_score` VALUES ('1213', '??', null, '1', '2', '67', '0', '1', '0');
INSERT INTO `t_score` VALUES ('1214', '??', null, '1', '3', '67', '0', '100', '0');
INSERT INTO `t_score` VALUES ('1215', '李四', null, '1', '1', '68', '0', '0', '0');
INSERT INTO `t_score` VALUES ('1216', '李四', null, '1', '2', '68', '0', '0', '0');
INSERT INTO `t_score` VALUES ('1217', '李四', null, '1', '3', '68', '0', '0', '0');
INSERT INTO `t_score` VALUES ('1218', '赵武', null, '1', '1', '69', '0', '0', '0');
INSERT INTO `t_score` VALUES ('1219', '赵武', null, '1', '2', '69', '0', '0', '0');
INSERT INTO `t_score` VALUES ('1220', '赵武', null, '1', '3', '69', '0', '0', '0');
INSERT INTO `t_score` VALUES ('1221', '张三', null, '1', '1', '70', '0', '0', '0');
INSERT INTO `t_score` VALUES ('1222', '张三', null, '1', '2', '70', '0', '0', '0');
INSERT INTO `t_score` VALUES ('1223', '张三', null, '1', '3', '70', '0', '0', '0');
INSERT INTO `t_score` VALUES ('1224', '李四', null, '1', '1', '71', '0', '0', '0');
INSERT INTO `t_score` VALUES ('1225', '李四', null, '1', '2', '71', '0', '0', '0');
INSERT INTO `t_score` VALUES ('1226', '李四', null, '1', '3', '71', '0', '0', '0');
INSERT INTO `t_score` VALUES ('1227', '赵武', null, '1', '1', '72', '0', '0', '0');
INSERT INTO `t_score` VALUES ('1228', '赵武', null, '1', '2', '72', '0', '0', '0');
INSERT INTO `t_score` VALUES ('1229', '赵武', null, '1', '3', '72', '0', '0', '0');
INSERT INTO `t_score` VALUES ('1230', '刘刘', null, '1', '1', '73', '0', '0', '0');
INSERT INTO `t_score` VALUES ('1231', '刘刘', null, '1', '2', '73', '0', '0', '0');
INSERT INTO `t_score` VALUES ('1232', '刘刘', null, '1', '3', '73', '0', '0', '0');
INSERT INTO `t_score` VALUES ('1233', '张波', null, '1', '1', '74', '0', '0', '0');
INSERT INTO `t_score` VALUES ('1234', '张波', null, '1', '2', '74', '0', '0', '0');
INSERT INTO `t_score` VALUES ('1235', '张波', null, '1', '3', '74', '0', '0', '0');
INSERT INTO `t_score` VALUES ('1236', '小红', null, '1', '1', '9', '0', '200', '0');
INSERT INTO `t_score` VALUES ('1237', '小红', null, '1', '2', '9', '0', '900', '0');
INSERT INTO `t_score` VALUES ('1238', '小红', null, '1', '3', '9', '0', '500', '0');
INSERT INTO `t_score` VALUES ('1239', '小明', null, '1', '1', '10', '0', '0', '0');
INSERT INTO `t_score` VALUES ('1240', '小明', null, '1', '2', '10', '0', '0', '0');
INSERT INTO `t_score` VALUES ('1241', '小明', null, '1', '3', '10', '0', '0', '0');
INSERT INTO `t_score` VALUES ('1242', '邓雷', null, '1', '1', '14', '0', '0', '0');
INSERT INTO `t_score` VALUES ('1243', '邓雷', null, '1', '2', '14', '0', '0', '0');
INSERT INTO `t_score` VALUES ('1244', '邓雷', null, '1', '3', '14', '0', '0', '0');
INSERT INTO `t_score` VALUES ('1245', '张三2', null, '7', '1', '3', '0', '0', '0');
INSERT INTO `t_score` VALUES ('1246', '张三2', null, '7', '2', '3', '0', '0', '0');
INSERT INTO `t_score` VALUES ('1247', '张三2', null, '7', '3', '3', '0', '0', '0');
INSERT INTO `t_score` VALUES ('1248', '张三2', null, '7', '4', '3', '0', '0', '0');
INSERT INTO `t_score` VALUES ('1249', '张三2', null, '7', '5', '3', '0', '0', '0');
INSERT INTO `t_score` VALUES ('1250', '赵四', null, '7', '1', '6', '0', '0', '0');
INSERT INTO `t_score` VALUES ('1251', '赵四', null, '7', '2', '6', '0', '0', '0');
INSERT INTO `t_score` VALUES ('1252', '赵四', null, '7', '3', '6', '0', '0', '0');
INSERT INTO `t_score` VALUES ('1253', '赵四', null, '7', '4', '6', '0', '0', '0');
INSERT INTO `t_score` VALUES ('1254', '赵四', null, '7', '5', '6', '0', '0', '0');
INSERT INTO `t_score` VALUES ('1255', '叶海啸', null, '7', '1', '12', '0', '0', '0');
INSERT INTO `t_score` VALUES ('1256', '叶海啸', null, '7', '2', '12', '0', '0', '0');
INSERT INTO `t_score` VALUES ('1257', '叶海啸', null, '7', '3', '12', '0', '0', '0');
INSERT INTO `t_score` VALUES ('1258', '叶海啸', null, '7', '4', '12', '0', '0', '0');
INSERT INTO `t_score` VALUES ('1259', '叶海啸', null, '7', '5', '12', '0', '0', '0');
INSERT INTO `t_score` VALUES ('1260', '王五', null, '7', '1', '59', '0', '0', '0');
INSERT INTO `t_score` VALUES ('1261', '王五', null, '7', '2', '59', '0', '0', '0');
INSERT INTO `t_score` VALUES ('1262', '王五', null, '7', '3', '59', '0', '0', '0');
INSERT INTO `t_score` VALUES ('1263', '王五', null, '7', '4', '59', '0', '0', '0');
INSERT INTO `t_score` VALUES ('1264', '王五', null, '7', '5', '59', '0', '0', '0');
INSERT INTO `t_score` VALUES ('1265', '张三', null, '7', '1', '63', '0', '0', '0');
INSERT INTO `t_score` VALUES ('1266', '张三', null, '7', '2', '63', '0', '0', '0');
INSERT INTO `t_score` VALUES ('1267', '张三', null, '7', '3', '63', '0', '0', '0');
INSERT INTO `t_score` VALUES ('1268', '张三', null, '7', '4', '63', '0', '0', '0');
INSERT INTO `t_score` VALUES ('1269', '张三', null, '7', '5', '63', '0', '0', '0');
INSERT INTO `t_score` VALUES ('1270', '李四', null, '7', '1', '64', '0', '0', '0');
INSERT INTO `t_score` VALUES ('1271', '李四', null, '7', '2', '64', '0', '0', '0');
INSERT INTO `t_score` VALUES ('1272', '李四', null, '7', '3', '64', '0', '0', '0');
INSERT INTO `t_score` VALUES ('1273', '李四', null, '7', '4', '64', '0', '0', '0');
INSERT INTO `t_score` VALUES ('1274', '李四', null, '7', '5', '64', '0', '0', '0');
INSERT INTO `t_score` VALUES ('1275', '赵武', null, '7', '1', '65', '0', '0', '0');
INSERT INTO `t_score` VALUES ('1276', '赵武', null, '7', '2', '65', '0', '0', '0');
INSERT INTO `t_score` VALUES ('1277', '赵武', null, '7', '3', '65', '0', '0', '0');
INSERT INTO `t_score` VALUES ('1278', '赵武', null, '7', '4', '65', '0', '0', '0');
INSERT INTO `t_score` VALUES ('1279', '赵武', null, '7', '5', '65', '0', '0', '0');
INSERT INTO `t_score` VALUES ('1280', '李四', null, '7', '1', '66', '0', '0', '0');
INSERT INTO `t_score` VALUES ('1281', '李四', null, '7', '2', '66', '0', '0', '0');
INSERT INTO `t_score` VALUES ('1282', '李四', null, '7', '3', '66', '0', '0', '0');
INSERT INTO `t_score` VALUES ('1283', '李四', null, '7', '4', '66', '0', '0', '0');
INSERT INTO `t_score` VALUES ('1284', '李四', null, '7', '5', '66', '0', '0', '0');
INSERT INTO `t_score` VALUES ('1285', '张三', null, '7', '1', '67', '0', '0', '0');
INSERT INTO `t_score` VALUES ('1286', '张三', null, '7', '2', '67', '0', '0', '0');
INSERT INTO `t_score` VALUES ('1287', '张三', null, '7', '3', '67', '0', '0', '0');
INSERT INTO `t_score` VALUES ('1288', '张三', null, '7', '4', '67', '0', '0', '0');
INSERT INTO `t_score` VALUES ('1289', '张三', null, '7', '5', '67', '0', '0', '0');
INSERT INTO `t_score` VALUES ('1290', '李四', null, '7', '1', '68', '0', '0', '0');
INSERT INTO `t_score` VALUES ('1291', '李四', null, '7', '2', '68', '0', '0', '0');
INSERT INTO `t_score` VALUES ('1292', '李四', null, '7', '3', '68', '0', '0', '0');
INSERT INTO `t_score` VALUES ('1293', '李四', null, '7', '4', '68', '0', '0', '0');
INSERT INTO `t_score` VALUES ('1294', '李四', null, '7', '5', '68', '0', '0', '0');
INSERT INTO `t_score` VALUES ('1295', '赵武', null, '7', '1', '69', '0', '0', '0');
INSERT INTO `t_score` VALUES ('1296', '赵武', null, '7', '2', '69', '0', '0', '0');
INSERT INTO `t_score` VALUES ('1297', '赵武', null, '7', '3', '69', '0', '0', '0');
INSERT INTO `t_score` VALUES ('1298', '赵武', null, '7', '4', '69', '0', '0', '0');
INSERT INTO `t_score` VALUES ('1299', '赵武', null, '7', '5', '69', '0', '0', '0');
INSERT INTO `t_score` VALUES ('1300', '张三', null, '7', '1', '70', '0', '0', '0');
INSERT INTO `t_score` VALUES ('1301', '张三', null, '7', '2', '70', '0', '0', '0');
INSERT INTO `t_score` VALUES ('1302', '张三', null, '7', '3', '70', '0', '0', '0');
INSERT INTO `t_score` VALUES ('1303', '张三', null, '7', '4', '70', '0', '0', '0');
INSERT INTO `t_score` VALUES ('1304', '张三', null, '7', '5', '70', '0', '0', '0');
INSERT INTO `t_score` VALUES ('1305', '李四', null, '7', '1', '71', '0', '0', '0');
INSERT INTO `t_score` VALUES ('1306', '李四', null, '7', '2', '71', '0', '0', '0');
INSERT INTO `t_score` VALUES ('1307', '李四', null, '7', '3', '71', '0', '0', '0');
INSERT INTO `t_score` VALUES ('1308', '李四', null, '7', '4', '71', '0', '0', '0');
INSERT INTO `t_score` VALUES ('1309', '李四', null, '7', '5', '71', '0', '0', '0');
INSERT INTO `t_score` VALUES ('1310', '赵武', null, '7', '1', '72', '0', '0', '0');
INSERT INTO `t_score` VALUES ('1311', '赵武', null, '7', '2', '72', '0', '0', '0');
INSERT INTO `t_score` VALUES ('1312', '赵武', null, '7', '3', '72', '0', '0', '0');
INSERT INTO `t_score` VALUES ('1313', '赵武', null, '7', '4', '72', '0', '0', '0');
INSERT INTO `t_score` VALUES ('1314', '赵武', null, '7', '5', '72', '0', '0', '0');
INSERT INTO `t_score` VALUES ('1315', '刘刘', null, '7', '1', '73', '0', '0', '0');
INSERT INTO `t_score` VALUES ('1316', '刘刘', null, '7', '2', '73', '0', '0', '0');
INSERT INTO `t_score` VALUES ('1317', '刘刘', null, '7', '3', '73', '0', '0', '0');
INSERT INTO `t_score` VALUES ('1318', '刘刘', null, '7', '4', '73', '0', '0', '0');
INSERT INTO `t_score` VALUES ('1319', '刘刘', null, '7', '5', '73', '0', '0', '0');
INSERT INTO `t_score` VALUES ('1320', '张波', null, '7', '1', '74', '0', '0', '0');
INSERT INTO `t_score` VALUES ('1321', '张波', null, '7', '2', '74', '0', '0', '0');
INSERT INTO `t_score` VALUES ('1322', '张波', null, '7', '3', '74', '0', '0', '0');
INSERT INTO `t_score` VALUES ('1323', '张波', null, '7', '4', '74', '0', '0', '0');
INSERT INTO `t_score` VALUES ('1324', '张波', null, '7', '5', '74', '0', '0', '0');
INSERT INTO `t_score` VALUES ('1325', '邓雷', null, '1', '1', '3120608', '0', '500', '0');
INSERT INTO `t_score` VALUES ('1326', '邓雷', null, '1', '2', '3120608', '0', '600', '0');
INSERT INTO `t_score` VALUES ('1327', '邓雷', null, '1', '3', '3120608', '0', '500', '0');
INSERT INTO `t_score` VALUES ('1328', '邓雷', null, '7', '1', '3120608', '0', '100', '0');
INSERT INTO `t_score` VALUES ('1329', '邓雷', null, '7', '2', '3120608', '0', '100', '0');
INSERT INTO `t_score` VALUES ('1330', '邓雷', null, '7', '3', '3120608', '0', '100', '0');
INSERT INTO `t_score` VALUES ('1331', '邓雷', null, '7', '4', '3120608', '0', '100', '0');
INSERT INTO `t_score` VALUES ('1332', '邓雷', null, '7', '5', '3120608', '0', '100', '0');
INSERT INTO `t_score` VALUES ('1333', 'aeqwe', null, '1', '1', '75', '0', '0', '0');
INSERT INTO `t_score` VALUES ('1334', 'aeqwe', null, '1', '2', '75', '0', '0', '0');
INSERT INTO `t_score` VALUES ('1335', 'aeqwe', null, '1', '3', '75', '0', '0', '0');
INSERT INTO `t_score` VALUES ('1336', '小红', null, '7', '1', '9', '0', '0', '0');
INSERT INTO `t_score` VALUES ('1337', '小红', null, '7', '2', '9', '0', '0', '0');
INSERT INTO `t_score` VALUES ('1338', '小红', null, '7', '3', '9', '0', '0', '0');
INSERT INTO `t_score` VALUES ('1339', '小红', null, '7', '4', '9', '0', '0', '0');
INSERT INTO `t_score` VALUES ('1340', '小红', null, '7', '5', '9', '0', '0', '0');
INSERT INTO `t_score` VALUES ('1341', '小明', null, '7', '1', '10', '0', '0', '0');
INSERT INTO `t_score` VALUES ('1342', '小明', null, '7', '2', '10', '0', '0', '0');
INSERT INTO `t_score` VALUES ('1343', '小明', null, '7', '3', '10', '0', '0', '0');
INSERT INTO `t_score` VALUES ('1344', '小明', null, '7', '4', '10', '0', '0', '0');
INSERT INTO `t_score` VALUES ('1345', '小明', null, '7', '5', '10', '0', '0', '0');
INSERT INTO `t_score` VALUES ('1346', '邓雷', null, '7', '1', '14', '0', '0', '0');
INSERT INTO `t_score` VALUES ('1347', '邓雷', null, '7', '2', '14', '0', '0', '0');
INSERT INTO `t_score` VALUES ('1348', '邓雷', null, '7', '3', '14', '0', '0', '0');
INSERT INTO `t_score` VALUES ('1349', '邓雷', null, '7', '4', '14', '0', '0', '0');
INSERT INTO `t_score` VALUES ('1350', '邓雷', null, '7', '5', '14', '0', '0', '0');
INSERT INTO `t_score` VALUES ('1351', 'aeqwe', null, '7', '1', '75', '0', '0', '0');
INSERT INTO `t_score` VALUES ('1352', 'aeqwe', null, '7', '2', '75', '0', '0', '0');
INSERT INTO `t_score` VALUES ('1353', 'aeqwe', null, '7', '3', '75', '0', '0', '0');
INSERT INTO `t_score` VALUES ('1354', 'aeqwe', null, '7', '4', '75', '0', '0', '0');
INSERT INTO `t_score` VALUES ('1355', 'aeqwe', null, '7', '5', '75', '0', '0', '0');
INSERT INTO `t_score` VALUES ('1356', '吕中剑', null, '1', '1', '11', '0', '111111', '0');
INSERT INTO `t_score` VALUES ('1357', '吕中剑', null, '1', '2', '11', '0', '111111', '0');
INSERT INTO `t_score` VALUES ('1358', '吕中剑', null, '1', '3', '11', '0', '1111110', '0');
INSERT INTO `t_score` VALUES ('1359', '张军', null, '1', '1', '222', '0', '0', '0');
INSERT INTO `t_score` VALUES ('1360', '张军', null, '1', '2', '222', '0', '0', '0');
INSERT INTO `t_score` VALUES ('1361', '张军', null, '1', '3', '222', '0', '0', '0');
INSERT INTO `t_score` VALUES ('1362', '吕中剑', null, '7', '1', '11', '0', '0', '0');
INSERT INTO `t_score` VALUES ('1363', '吕中剑', null, '7', '2', '11', '0', '0', '0');
INSERT INTO `t_score` VALUES ('1364', '吕中剑', null, '7', '3', '11', '0', '0', '0');
INSERT INTO `t_score` VALUES ('1365', '吕中剑', null, '7', '4', '11', '0', '0', '0');
INSERT INTO `t_score` VALUES ('1366', '吕中剑', null, '7', '5', '11', '0', '0', '0');
INSERT INTO `t_score` VALUES ('1367', '张军', null, '7', '1', '222', '0', '0', '0');
INSERT INTO `t_score` VALUES ('1368', '张军', null, '7', '2', '222', '0', '0', '0');
INSERT INTO `t_score` VALUES ('1369', '张军', null, '7', '3', '222', '0', '0', '0');
INSERT INTO `t_score` VALUES ('1370', '张军', null, '7', '4', '222', '0', '0', '0');
INSERT INTO `t_score` VALUES ('1371', '张军', null, '7', '5', '222', '0', '0', '0');

-- ----------------------------
-- Table structure for t_score_stat
-- ----------------------------
DROP TABLE IF EXISTS `t_score_stat`;
CREATE TABLE `t_score_stat` (
  `stu_id` int(11) NOT NULL COMMENT '学生id',
  `total_score` float DEFAULT NULL COMMENT '总分',
  `test_id` int(11) NOT NULL COMMENT '考试ID',
  `class_order` int(11) DEFAULT NULL COMMENT '班级排名',
  `school_order` int(11) DEFAULT NULL COMMENT '学校排名',
  `del` tinyint(4) NOT NULL DEFAULT '0',
  PRIMARY KEY (`stu_id`,`test_id`),
  KEY `fk_t_score_stat_t_stu1_idx` (`stu_id`),
  KEY `fk_t_score_stat_t_test1_idx` (`test_id`),
  CONSTRAINT `fk_score_stat_stu` FOREIGN KEY (`stu_id`) REFERENCES `t_stu` (`id`) ON DELETE NO ACTION ON UPDATE NO ACTION,
  CONSTRAINT `fk_score_stat_test` FOREIGN KEY (`test_id`) REFERENCES `t_test` (`id`) ON DELETE NO ACTION ON UPDATE NO ACTION
) ENGINE=InnoDB DEFAULT CHARSET=utf8;

-- ----------------------------
-- Records of t_score_stat
-- ----------------------------
INSERT INTO `t_score_stat` VALUES ('3', '279', '1', '6', '7', '0');
INSERT INTO `t_score_stat` VALUES ('3', '0', '7', '2', '2', '0');
INSERT INTO `t_score_stat` VALUES ('3', '0', '8', '1', '1', '0');
INSERT INTO `t_score_stat` VALUES ('3', '0', '46', null, '1', '0');
INSERT INTO `t_score_stat` VALUES ('4', '0', '1', null, '1', '0');
INSERT INTO `t_score_stat` VALUES ('6', '180', '1', '9', '10', '0');
INSERT INTO `t_score_stat` VALUES ('6', '0', '7', '2', '2', '0');
INSERT INTO `t_score_stat` VALUES ('6', '0', '8', '1', '1', '0');
INSERT INTO `t_score_stat` VALUES ('6', '0', '46', null, '1', '0');
INSERT INTO `t_score_stat` VALUES ('9', '1600', '1', '1', '3', '0');
INSERT INTO `t_score_stat` VALUES ('9', '0', '7', '1', '2', '0');
INSERT INTO `t_score_stat` VALUES ('9', '0', '8', '1', '1', '0');
INSERT INTO `t_score_stat` VALUES ('9', '0', '46', null, '1', '0');
INSERT INTO `t_score_stat` VALUES ('10', '0', '1', '2', '12', '0');
INSERT INTO `t_score_stat` VALUES ('10', '0', '7', '1', '2', '0');
INSERT INTO `t_score_stat` VALUES ('10', '0', '8', '1', '1', '0');
INSERT INTO `t_score_stat` VALUES ('10', '0', '46', null, '1', '0');
INSERT INTO `t_score_stat` VALUES ('11', '1333330', '1', '1', '1', '0');
INSERT INTO `t_score_stat` VALUES ('11', '0', '7', '2', '2', '0');
INSERT INTO `t_score_stat` VALUES ('11', '0', '8', '1', '1', '0');
INSERT INTO `t_score_stat` VALUES ('11', '0', '46', null, '1', '0');
INSERT INTO `t_score_stat` VALUES ('12', '1500', '1', '3', '4', '0');
INSERT INTO `t_score_stat` VALUES ('12', '0', '7', null, null, '0');
INSERT INTO `t_score_stat` VALUES ('14', '0', '1', '2', '12', '0');
INSERT INTO `t_score_stat` VALUES ('14', '0', '7', '1', '2', '0');
INSERT INTO `t_score_stat` VALUES ('14', '0', '8', '1', '1', '0');
INSERT INTO `t_score_stat` VALUES ('14', '0', '46', null, '1', '0');
INSERT INTO `t_score_stat` VALUES ('59', '650', '1', '5', '6', '0');
INSERT INTO `t_score_stat` VALUES ('59', '0', '7', '2', '2', '0');
INSERT INTO `t_score_stat` VALUES ('59', '0', '8', '1', '1', '0');
INSERT INTO `t_score_stat` VALUES ('59', '0', '46', null, '1', '0');
INSERT INTO `t_score_stat` VALUES ('63', '705', '1', '4', '5', '0');
INSERT INTO `t_score_stat` VALUES ('63', '0', '7', '2', '2', '0');
INSERT INTO `t_score_stat` VALUES ('63', '0', '8', '1', '1', '0');
INSERT INTO `t_score_stat` VALUES ('63', '0', '46', null, '1', '0');
INSERT INTO `t_score_stat` VALUES ('64', '301700', '1', '2', '2', '0');
INSERT INTO `t_score_stat` VALUES ('64', '0', '7', '2', '2', '0');
INSERT INTO `t_score_stat` VALUES ('64', '0', '8', '1', '1', '0');
INSERT INTO `t_score_stat` VALUES ('64', '0', '46', null, '1', '0');
INSERT INTO `t_score_stat` VALUES ('65', '230', '1', '7', '8', '0');
INSERT INTO `t_score_stat` VALUES ('65', '0', '7', '2', '2', '0');
INSERT INTO `t_score_stat` VALUES ('65', '0', '8', '1', '1', '0');
INSERT INTO `t_score_stat` VALUES ('65', '0', '46', null, '1', '0');
INSERT INTO `t_score_stat` VALUES ('66', '21', '1', '10', '11', '0');
INSERT INTO `t_score_stat` VALUES ('66', '0', '7', '2', '2', '0');
INSERT INTO `t_score_stat` VALUES ('66', '0', '8', '1', '1', '0');
INSERT INTO `t_score_stat` VALUES ('66', '0', '46', null, '1', '0');
INSERT INTO `t_score_stat` VALUES ('67', '186', '1', '8', '9', '0');
INSERT INTO `t_score_stat` VALUES ('67', '0', '7', '2', '2', '0');
INSERT INTO `t_score_stat` VALUES ('67', '0', '8', '1', '1', '0');
INSERT INTO `t_score_stat` VALUES ('67', '0', '46', null, '1', '0');
INSERT INTO `t_score_stat` VALUES ('68', '0', '1', '8', '9', '0');
INSERT INTO `t_score_stat` VALUES ('68', '0', '7', null, null, '0');
INSERT INTO `t_score_stat` VALUES ('69', '0', '1', '11', '12', '0');
INSERT INTO `t_score_stat` VALUES ('69', '0', '7', '2', '2', '0');
INSERT INTO `t_score_stat` VALUES ('69', '0', '8', '1', '1', '0');
INSERT INTO `t_score_stat` VALUES ('69', '0', '46', null, '1', '0');
INSERT INTO `t_score_stat` VALUES ('70', '0', '1', '11', '12', '0');
INSERT INTO `t_score_stat` VALUES ('70', '0', '7', '2', '2', '0');
INSERT INTO `t_score_stat` VALUES ('70', '0', '8', '1', '1', '0');
INSERT INTO `t_score_stat` VALUES ('70', '0', '46', null, '1', '0');
INSERT INTO `t_score_stat` VALUES ('71', '0', '1', '8', '9', '0');
INSERT INTO `t_score_stat` VALUES ('71', '0', '7', null, null, '0');
INSERT INTO `t_score_stat` VALUES ('72', '0', '1', '11', '12', '0');
INSERT INTO `t_score_stat` VALUES ('72', '0', '7', '2', '2', '0');
INSERT INTO `t_score_stat` VALUES ('72', '0', '8', '1', '1', '0');
INSERT INTO `t_score_stat` VALUES ('72', '0', '46', null, '1', '0');
INSERT INTO `t_score_stat` VALUES ('73', '0', '1', '11', '12', '0');
INSERT INTO `t_score_stat` VALUES ('73', '0', '7', '2', '2', '0');
INSERT INTO `t_score_stat` VALUES ('73', '0', '8', '1', '1', '0');
INSERT INTO `t_score_stat` VALUES ('73', '0', '46', null, '1', '0');
INSERT INTO `t_score_stat` VALUES ('74', '0', '1', '8', '9', '0');
INSERT INTO `t_score_stat` VALUES ('74', '0', '7', null, null, '0');
INSERT INTO `t_score_stat` VALUES ('75', '0', '1', '1', '12', '0');
INSERT INTO `t_score_stat` VALUES ('75', '0', '7', '1', '2', '0');
INSERT INTO `t_score_stat` VALUES ('75', '0', '8', '1', '1', '0');
INSERT INTO `t_score_stat` VALUES ('75', '0', '46', null, '1', '0');
INSERT INTO `t_score_stat` VALUES ('76', '0', '1', null, '1', '0');
INSERT INTO `t_score_stat` VALUES ('222', '0', '1', '11', '12', '0');
INSERT INTO `t_score_stat` VALUES ('222', '0', '7', '2', '2', '0');
INSERT INTO `t_score_stat` VALUES ('222', '0', '8', '1', '1', '0');
INSERT INTO `t_score_stat` VALUES ('3120608', '1600', '1', '3', '3', '0');
INSERT INTO `t_score_stat` VALUES ('3120608', '500', '7', '1', '1', '0');
INSERT INTO `t_score_stat` VALUES ('3120608', '0', '8', '1', '1', '0');
INSERT INTO `t_score_stat` VALUES ('3120608', '0', '46', null, '1', '0');

-- ----------------------------
-- Table structure for t_stu
-- ----------------------------
DROP TABLE IF EXISTS `t_stu`;
CREATE TABLE `t_stu` (
  `id` int(11) NOT NULL AUTO_INCREMENT COMMENT '学号，自动分配的有规律字段',
  `name` varchar(20) NOT NULL COMMENT '学生姓名',
  `at_class` int(11) NOT NULL COMMENT '所在班级',
  `sex` char(1) NOT NULL COMMENT '性别',
  `del` tinyint(4) NOT NULL DEFAULT '0',
  `enterYear` int(11) DEFAULT NULL,
  `address` varchar(30) DEFAULT NULL,
  `location` varchar(20) DEFAULT NULL,
  PRIMARY KEY (`id`),
  KEY `fk1` (`at_class`),
  CONSTRAINT `fk1` FOREIGN KEY (`at_class`) REFERENCES `t_class` (`id`) ON DELETE NO ACTION ON UPDATE NO ACTION
) ENGINE=InnoDB AUTO_INCREMENT=3120609 DEFAULT CHARSET=utf8;

-- ----------------------------
-- Records of t_stu
-- ----------------------------
INSERT INTO `t_stu` VALUES ('3', 'Danny', '8', '男', '0', '2009', '', '南通');
INSERT INTO `t_stu` VALUES ('4', '李三', '2', '男', '0', null, null, null);
INSERT INTO `t_stu` VALUES ('6', '李芳', '8', '女', '0', '2009', '南通', '南通');
INSERT INTO `t_stu` VALUES ('9', '小红', '9', '女', '0', null, null, null);
INSERT INTO `t_stu` VALUES ('10', '小明', '9', '男', '0', null, null, null);
INSERT INTO `t_stu` VALUES ('11', '明明', '8', '男', '0', '1102', '', '13');
INSERT INTO `t_stu` VALUES ('12', '叶海啸', '8', '男', '1', null, null, null);
INSERT INTO `t_stu` VALUES ('14', '邓雷', '9', '男', '0', null, null, null);
INSERT INTO `t_stu` VALUES ('16', 'David', '28', '男', '0', null, null, null);
INSERT INTO `t_stu` VALUES ('59', '王五', '8', '男', '0', null, null, null);
INSERT INTO `t_stu` VALUES ('63', '张三', '8', '男', '0', null, null, null);
INSERT INTO `t_stu` VALUES ('64', '李四', '8', '女', '0', null, null, null);
INSERT INTO `t_stu` VALUES ('65', '赵武', '8', '男', '0', null, null, null);
INSERT INTO `t_stu` VALUES ('66', '李四', '8', '男', '0', null, null, null);
INSERT INTO `t_stu` VALUES ('67', '张三', '8', '男', '0', null, null, null);
INSERT INTO `t_stu` VALUES ('68', '李四', '8', '女', '1', null, null, null);
INSERT INTO `t_stu` VALUES ('69', '赵武', '8', '男', '0', null, null, null);
INSERT INTO `t_stu` VALUES ('70', '张三', '8', '男', '0', null, null, null);
INSERT INTO `t_stu` VALUES ('71', '李四', '8', '女', '1', null, null, null);
INSERT INTO `t_stu` VALUES ('72', '赵武', '8', '男', '0', null, null, null);
INSERT INTO `t_stu` VALUES ('73', '刘刘', '8', '男', '0', null, null, null);
INSERT INTO `t_stu` VALUES ('74', '张波', '8', '男', '1', null, null, null);
INSERT INTO `t_stu` VALUES ('75', 'aeqwe', '10', '男', '0', null, null, null);
INSERT INTO `t_stu` VALUES ('76', '张三', '2', '男', '0', null, null, null);
INSERT INTO `t_stu` VALUES ('222', '张军', '8', '男', '0', null, '', '');
INSERT INTO `t_stu` VALUES ('3120608', '邓雷', '8', '男', '0', null, '', '11');

-- ----------------------------
-- Table structure for t_subject
-- ----------------------------
DROP TABLE IF EXISTS `t_subject`;
CREATE TABLE `t_subject` (
  `id` int(11) NOT NULL AUTO_INCREMENT,
  `name` varchar(20) DEFAULT NULL COMMENT '科目名称',
  `del` tinyint(4) NOT NULL DEFAULT '0',
  PRIMARY KEY (`id`)
) ENGINE=InnoDB AUTO_INCREMENT=8 DEFAULT CHARSET=utf8;

-- ----------------------------
-- Records of t_subject
-- ----------------------------
INSERT INTO `t_subject` VALUES ('1', '语文', '0');
INSERT INTO `t_subject` VALUES ('2', '数学', '0');
INSERT INTO `t_subject` VALUES ('3', '英语', '0');
INSERT INTO `t_subject` VALUES ('4', '物理', '0');
INSERT INTO `t_subject` VALUES ('5', '化学', '0');
INSERT INTO `t_subject` VALUES ('6', '政治', '0');
INSERT INTO `t_subject` VALUES ('7', '历史', '0');

-- ----------------------------
-- Table structure for t_test
-- ----------------------------
DROP TABLE IF EXISTS `t_test`;
CREATE TABLE `t_test` (
  `id` int(11) NOT NULL AUTO_INCREMENT,
  `test_name` varchar(45) DEFAULT NULL COMMENT '考试名称',
  `remark` varchar(255) DEFAULT NULL COMMENT '备注',
  `date` date DEFAULT NULL COMMENT '考试日期',
  `del` tinyint(4) NOT NULL DEFAULT '0',
  PRIMARY KEY (`id`)
) ENGINE=InnoDB AUTO_INCREMENT=68 DEFAULT CHARSET=utf8;

-- ----------------------------
-- Records of t_test
-- ----------------------------
INSERT INTO `t_test` VALUES ('1', '期中考试', '备注', '2014-11-15', '0');
INSERT INTO `t_test` VALUES ('6', '期末考试', '备注', '2014-08-05', '0');
INSERT INTO `t_test` VALUES ('7', '期末考试', '备注', '2014-12-15', '0');
INSERT INTO `t_test` VALUES ('8', '期末考试', '备注', '2014-12-15', '0');
INSERT INTO `t_test` VALUES ('9', 'q', '', '2014-01-01', '0');
INSERT INTO `t_test` VALUES ('11', '期中考试', '', '2014-04-06', '0');
INSERT INTO `t_test` VALUES ('12', '期末考试', '', '2014-08-15', '0');
INSERT INTO `t_test` VALUES ('13', '月考', '', '2014-08-23', '0');
INSERT INTO `t_test` VALUES ('14', '月考', '备注', '2014-08-20', '0');
INSERT INTO `t_test` VALUES ('15', '期中考试', '', '2014-08-24', '0');
INSERT INTO `t_test` VALUES ('16', '月考试', '备注', '2014-08-19', '0');
INSERT INTO `t_test` VALUES ('17', '月考试', '备注', '2014-08-19', '0');
INSERT INTO `t_test` VALUES ('19', '月考试', '备注', '2014-08-19', '0');
INSERT INTO `t_test` VALUES ('20', '1', '', '2014-05-05', '0');
INSERT INTO `t_test` VALUES ('21', '1', '', '2016-05-02', '0');
INSERT INTO `t_test` VALUES ('31', '1月考试', '备注', '2014-08-19', '0');
INSERT INTO `t_test` VALUES ('33', '期末考试', '备注', '2014-12-15', '0');
INSERT INTO `t_test` VALUES ('34', '期末考试', '备注', '2011-12-15', '0');
INSERT INTO `t_test` VALUES ('35', '期末考试', '备注', '2012-12-15', '0');
INSERT INTO `t_test` VALUES ('36', '期末考试', '备注', '2013-12-15', '0');
INSERT INTO `t_test` VALUES ('37', '1月考试', '备注', '2014-08-19', '0');
INSERT INTO `t_test` VALUES ('38', '考3', '', '2014-08-15', '0');
INSERT INTO `t_test` VALUES ('39', '考29', '', '2014-08-15', '0');
INSERT INTO `t_test` VALUES ('40', '考4', '', '2014-08-12', '0');
INSERT INTO `t_test` VALUES ('41', '考4', '', '2014-08-12', '0');
INSERT INTO `t_test` VALUES ('42', '考5', '', '2014-08-14', '0');
INSERT INTO `t_test` VALUES ('43', '考5', '', '2014-08-14', '0');
INSERT INTO `t_test` VALUES ('44', '考5', '', '2014-08-14', '0');
INSERT INTO `t_test` VALUES ('45', '3月考试', '备注', '2014-08-19', '0');
INSERT INTO `t_test` VALUES ('46', '4月考试', '备注', '2014-08-19', '0');
INSERT INTO `t_test` VALUES ('47', '5月考试', '备注', '2014-08-19', '0');
INSERT INTO `t_test` VALUES ('48', '考试6', '', '2014-08-14', '0');
INSERT INTO `t_test` VALUES ('49', '期末考试', '备注', '2014-12-15', '0');
INSERT INTO `t_test` VALUES ('50', '期末考试', '备注', '2011-12-15', '0');
INSERT INTO `t_test` VALUES ('51', '期末考试', '备注', '2012-12-15', '0');
INSERT INTO `t_test` VALUES ('52', '期末考试', '备注', '2013-12-15', '0');
INSERT INTO `t_test` VALUES ('54', '考试6', '', '2014-08-14', '0');
INSERT INTO `t_test` VALUES ('55', '考试6', '', '2014-08-14', '0');
INSERT INTO `t_test` VALUES ('56', '考试6', '', '2014-08-14', '0');
INSERT INTO `t_test` VALUES ('57', '考试6', '', '2014-08-14', '0');
INSERT INTO `t_test` VALUES ('58', '考试6', '', '2014-08-14', '0');
INSERT INTO `t_test` VALUES ('60', '月考', '最新的考试123\n', '2014-08-23', '0');
INSERT INTO `t_test` VALUES ('61', '开学检测', '', '2015-08-06', '0');
INSERT INTO `t_test` VALUES ('62', 'ss', '', null, '0');
INSERT INTO `t_test` VALUES ('63', 'abc', '', '2014-09-26', '0');
INSERT INTO `t_test` VALUES ('64', '123', '', '2014-09-19', '0');
INSERT INTO `t_test` VALUES ('65', '月考', '', '2014-09-03', '0');
INSERT INTO `t_test` VALUES ('66', '月考', '', '2014-09-18', '0');
INSERT INTO `t_test` VALUES ('67', '月考', '', '2014-10-06', '0');

-- ----------------------------
-- Table structure for t_test_subject
-- ----------------------------
DROP TABLE IF EXISTS `t_test_subject`;
CREATE TABLE `t_test_subject` (
  `subject_id` int(11) NOT NULL,
  `test_id` int(11) NOT NULL,
  `start_time` datetime DEFAULT NULL COMMENT '科目开始时间，精确到分',
  `end_time` datetime DEFAULT NULL COMMENT '结束时间',
  `full_mark` float NOT NULL DEFAULT '100',
  `del` tinyint(4) NOT NULL DEFAULT '0',
  PRIMARY KEY (`subject_id`,`test_id`),
  KEY `fk_t_subject_has_t_test_t_test1_idx` (`test_id`),
  KEY `fk_t_subject_has_t_test_t_subject1_idx` (`subject_id`),
  CONSTRAINT `fk_t_subject_has_t_test_t_subject1` FOREIGN KEY (`subject_id`) REFERENCES `t_subject` (`id`) ON DELETE NO ACTION ON UPDATE NO ACTION,
  CONSTRAINT `fk_t_subject_has_t_test_t_test1` FOREIGN KEY (`test_id`) REFERENCES `t_test` (`id`) ON DELETE NO ACTION ON UPDATE NO ACTION
) ENGINE=InnoDB DEFAULT CHARSET=utf8;

-- ----------------------------
-- Records of t_test_subject
-- ----------------------------
INSERT INTO `t_test_subject` VALUES ('1', '1', null, null, '100', '0');
INSERT INTO `t_test_subject` VALUES ('1', '6', null, null, '100', '0');
INSERT INTO `t_test_subject` VALUES ('1', '7', null, null, '100', '0');
INSERT INTO `t_test_subject` VALUES ('1', '8', null, null, '100', '0');
INSERT INTO `t_test_subject` VALUES ('1', '12', null, null, '100', '0');
INSERT INTO `t_test_subject` VALUES ('1', '16', null, null, '100', '0');
INSERT INTO `t_test_subject` VALUES ('1', '38', null, null, '100', '0');
INSERT INTO `t_test_subject` VALUES ('1', '45', null, null, '100', '0');
INSERT INTO `t_test_subject` VALUES ('1', '60', null, null, '100', '0');
INSERT INTO `t_test_subject` VALUES ('1', '61', null, null, '100', '0');
INSERT INTO `t_test_subject` VALUES ('1', '63', null, null, '100', '0');
INSERT INTO `t_test_subject` VALUES ('1', '64', null, null, '100', '0');
INSERT INTO `t_test_subject` VALUES ('1', '65', null, null, '100', '0');
INSERT INTO `t_test_subject` VALUES ('1', '66', null, null, '100', '0');
INSERT INTO `t_test_subject` VALUES ('1', '67', null, null, '100', '0');
INSERT INTO `t_test_subject` VALUES ('2', '1', null, null, '100', '0');
INSERT INTO `t_test_subject` VALUES ('2', '6', null, null, '100', '0');
INSERT INTO `t_test_subject` VALUES ('2', '7', null, null, '100', '0');
INSERT INTO `t_test_subject` VALUES ('2', '8', null, null, '100', '0');
INSERT INTO `t_test_subject` VALUES ('2', '12', null, null, '100', '0');
INSERT INTO `t_test_subject` VALUES ('2', '16', null, null, '100', '0');
INSERT INTO `t_test_subject` VALUES ('2', '38', null, null, '100', '0');
INSERT INTO `t_test_subject` VALUES ('2', '45', null, null, '100', '0');
INSERT INTO `t_test_subject` VALUES ('2', '60', null, null, '100', '0');
INSERT INTO `t_test_subject` VALUES ('2', '61', null, null, '100', '0');
INSERT INTO `t_test_subject` VALUES ('2', '63', null, null, '100', '0');
INSERT INTO `t_test_subject` VALUES ('2', '64', null, null, '100', '0');
INSERT INTO `t_test_subject` VALUES ('2', '65', null, null, '100', '0');
INSERT INTO `t_test_subject` VALUES ('2', '66', null, null, '100', '0');
INSERT INTO `t_test_subject` VALUES ('2', '67', null, null, '100', '0');
INSERT INTO `t_test_subject` VALUES ('3', '1', null, null, '100', '0');
INSERT INTO `t_test_subject` VALUES ('3', '6', null, null, '100', '0');
INSERT INTO `t_test_subject` VALUES ('3', '7', null, null, '100', '0');
INSERT INTO `t_test_subject` VALUES ('3', '8', null, null, '100', '0');
INSERT INTO `t_test_subject` VALUES ('3', '12', null, null, '100', '0');
INSERT INTO `t_test_subject` VALUES ('3', '16', null, null, '100', '0');
INSERT INTO `t_test_subject` VALUES ('3', '60', null, null, '100', '0');
INSERT INTO `t_test_subject` VALUES ('3', '61', null, null, '100', '0');
INSERT INTO `t_test_subject` VALUES ('3', '63', null, null, '100', '0');
INSERT INTO `t_test_subject` VALUES ('3', '64', null, null, '100', '0');
INSERT INTO `t_test_subject` VALUES ('3', '65', null, null, '100', '0');
INSERT INTO `t_test_subject` VALUES ('3', '66', null, null, '100', '0');
INSERT INTO `t_test_subject` VALUES ('3', '67', null, null, '100', '0');
INSERT INTO `t_test_subject` VALUES ('4', '6', null, null, '100', '0');
INSERT INTO `t_test_subject` VALUES ('4', '7', null, null, '100', '0');
INSERT INTO `t_test_subject` VALUES ('4', '8', null, null, '100', '0');
INSERT INTO `t_test_subject` VALUES ('4', '12', null, null, '100', '0');
INSERT INTO `t_test_subject` VALUES ('4', '38', null, null, '100', '0');
INSERT INTO `t_test_subject` VALUES ('4', '45', null, null, '100', '0');
INSERT INTO `t_test_subject` VALUES ('4', '60', null, null, '100', '0');
INSERT INTO `t_test_subject` VALUES ('4', '63', null, null, '100', '0');
INSERT INTO `t_test_subject` VALUES ('4', '66', null, null, '100', '0');
INSERT INTO `t_test_subject` VALUES ('4', '67', null, null, '100', '0');
INSERT INTO `t_test_subject` VALUES ('5', '6', null, null, '100', '0');
INSERT INTO `t_test_subject` VALUES ('5', '7', null, null, '100', '0');
INSERT INTO `t_test_subject` VALUES ('5', '8', null, null, '100', '0');
INSERT INTO `t_test_subject` VALUES ('5', '38', null, null, '100', '0');
INSERT INTO `t_test_subject` VALUES ('5', '45', null, null, '100', '0');
INSERT INTO `t_test_subject` VALUES ('5', '60', null, null, '100', '0');
INSERT INTO `t_test_subject` VALUES ('5', '63', null, null, '100', '0');
INSERT INTO `t_test_subject` VALUES ('5', '66', null, null, '100', '0');
INSERT INTO `t_test_subject` VALUES ('5', '67', null, null, '100', '0');
INSERT INTO `t_test_subject` VALUES ('6', '45', null, null, '100', '0');

-- ----------------------------
-- Table structure for t_user
-- ----------------------------
DROP TABLE IF EXISTS `t_user`;
CREATE TABLE `t_user` (
  `id` int(11) NOT NULL AUTO_INCREMENT,
  `username` varchar(45) NOT NULL,
  `password` varchar(45) NOT NULL,
  `phone` varchar(20) DEFAULT NULL,
  `email` varchar(45) DEFAULT NULL,
  `sex` char(1) NOT NULL DEFAULT '男',
  `level` tinyint(4) NOT NULL DEFAULT '4',
  PRIMARY KEY (`id`),
  UNIQUE KEY `username_UNIQUE` (`username`)
) ENGINE=InnoDB AUTO_INCREMENT=10 DEFAULT CHARSET=utf8;

-- ----------------------------
-- Records of t_user
-- ----------------------------
INSERT INTO `t_user` VALUES ('4', 'admin1', '111', '13777777777', 'dsa@dsa.hfd12', '?', '1');
INSERT INTO `t_user` VALUES ('6', 'admin', '111', '13688889999', 'dsa@daa.cad', '男', '2');
INSERT INTO `t_user` VALUES ('8', '邓雷', '111', '15352968963', '123@qq.com', '男', '4');
INSERT INTO `t_user` VALUES ('9', 'danny', '111', '18352861236', '123@qq.com', '男', '3');
